{
  "version": 1,
  "author": "Gokul subramani",
  "editor": "wokwi",
  "parts": [
    { "type": "wokwi-esp32-devkit-v1", "id": "esp", "top": 2.67, "left": 90, "attrs": {} },
    {
      "type": "wokwi-hc-sr04",
      "id": "ultrasonic1",
      "top": -19.47916666666667,
      "left": -143.16666666666669,
      "attrs": {}
    }
  ],
  "connections": [
    [ "esp:TX0", "$serialMonitor:RX", "", [] ],
    [ "esp:RX0", "$serialMonitor:TX", "", [] ],
    [ "ultrasonic1:VCC", "esp:VIN", "red", [ "v88.57", "h170.89" ] ],
    [ "ultrasonic1:GND", "esp:GND.2", "black", [ "v0" ] ],
    [ "ultrasonic1:ECHO", "esp:D12", "violet", [ "v0" ] ],
    [ "ultrasonic1:TRIG", "esp:D14", "green", [ "v0" ] ]
  ]
}